"RegionName","City","State","Metro","CountyName","SizeRank","2010-01","2010-02","2010-03","2010-04","2010-05","2010-06","2010-07","2010-08","2010-09","2010-10","2010-11","2010-12","2011-01","2011-02","2011-03","2011-04","2011-05","2011-06","2011-07","2011-08","2011-09","2011-10","2011-11","2011-12","2012-01","2012-02","2012-03","2012-04","2012-05","2012-06","2012-07","2012-08","2012-09","2012-10","2012-11","2012-12","2013-01","2013-02","2013-03","2013-04","2013-05","2013-06","2013-07","2013-08","2013-09","2013-10","2013-11","2013-12","2014-01","2014-02","2014-03","2014-04","2014-05","2014-06","2014-07","2014-08","2014-09","2014-10","2014-11","2014-12","2015-01","2015-02","2015-03","2015-04","2015-05","2015-06","2015-07","2015-08","2015-09","2015-10","2015-11","2015-12","2016-01","2016-02","2016-03","2016-04","2016-05","2016-06","2016-07","2016-08","2016-09","2016-10","2016-11","2016-12","2017-01","2017-02","2017-03","2017-04","2017-05","2017-06","2017-07","2017-08","2017-09","2017-10","2017-11","2017-12","2018-01","2018-02","2018-03","2018-04","2018-05","2018-06","2018-07","2018-08","2018-09"
"10023","New York","NY","New York-Newark-Jersey City","New York",1,,,,,,,,,,,,,,,,,,,,,,,,,,,,,,,,,,,,,,,,,,,,,,,,,,,,,,,,,,,,,,,,,,,,,,,,,,,,,,,,,1412500,1400000,1400000,1460000,1460000,1580000,1527500,1450000,1395000,1474500,1535000,1577500,1565000,1500000,1497500,1497500,1390000,1285000,1295000,1392500,1250000,1237500,1295000,1295000,1248000
"10002","New York","NY","New York-Newark-Jersey City","New York",2,,,,,,,,,,,,,,,,,,,,,,,,,,,,,,,,,,,,,,,,,,,,,,,,,,,,,,,,,,,,,,,,,,,,,,,,,,,,,,,,,,,,,,,,,,,,,1358000,1365000,1380000,1384000,1397500,1384000,1390000,1415000,1412000,1415000,1402000,1409000,1395000
"20002","Washington","DC","Washington-Arlington-Alexandria","District of Columbia",3,,,,,,,,,,,,,,,,,,,,,,,,,,,,,,,,,,,,,,,,,,,,,,,,,,,,,,,,,,,,,,,,,,,,,,,,,,,,,,,,,,,,,,,,,,,,399999,399999,399900,404499.5,414450,409900,419900,414450,422400,414900,399999,399000,424950,389900
"20009","Washington","DC","Washington-Arlington-Alexandria","District of Columbia",4,350000,357250,364900,349950,339900,339000,339450,339000,339950,344500,349900,349000,360000,339000,342500,337500,339900,339450,333227.5,339950,339000,339900,339000,349000,339990,329000,337000,349500,349727.5,359000,352500,339900,339950,339950,339900,334450,329900,348500,339900,364000,364000,365450,369000,362227.5,350000,349500,359277.5,359000,359000,362450,349700,345000,349000,349000,349500,349900,375000,354500,349900,349900,349000,342250,373750,385000,399000,399900,379000,399000,399250,394450,395000,389900,395000,410000,399000,385000,374999,384900,399000,394277.5,374720,374999.5,389900,385000,359999.5,369950,389000,399000,375000,389000,398000,399900,399440,399900,399900,395000,392000,399325,414900,417000,417000,415000,418500,399000,389900
"10003","New York","NY","New York-Newark-Jersey City","New York",5,,,,,,,,,,,,,,,,,,,,,,,,,,,,,,,,,,,,,,,,,,,,,,,,,,,,,,,,,,,,,,,,,,,,,,,,1172000,1172000,1200000,1183500,1195000,1183500,1100000,1150000,1147500,1150000,1122500,1195000,1195000,1199000,1295000,1367500,1260000,1337500,1282500,1260000,1191500,1350000,1407500,1390000,1407500,1407500,1475000,1491944,1540000,1565000,1525000,1522500,1499000,1495000
"07030","Hoboken","NJ","New York-Newark-Jersey City","Hudson",6,365000,364950,364975,365000,364975,364475,369000,365000,369612,369000,369000,369250,375000,369750,369228,359000,359000,359000,357000,359000,349500,357000,349000,340000,349499.5,349000,339499.5,347000,350000,349000,349000,349000,330000,329000,349000,359000,377450,385000,395000,395000,392000,399900,399000,399000,379900,399000,394000,379000,379000,379000,395000,399000,389915,379450,389000,404950,417000,431000,439000,439000,437000,437000,435000,455000,439000,435000,422500,435000,444500,469500,475000,475000,475000,524900,459000,454000,459000,459000,430000,427500,459000,489000,539000,531000,475000,503500,512500,544000,522450,509900,499000,499000,499000,517499,499000,499000,499000,499000,499000,505053.5,529900,520000,529000,499450,544000
"33160","Sunny Isles Beach","FL","Miami-Fort Lauderdale-West Palm Beach","Miami-Dade",7,149000,149900,149000,145208,149000,140000,139900,130000,134000,130000,140000,135000,137950,139000,145000,145250,159500,164900,159770,169900,169950,160000,159000,169000,174900,181150,175000,181472.5,193450,190000,189000,179000,170000,148900,164900,189747.5,190000,195000,198000,195000,190000,198000,209000,199900,199900,209000,213500,217000,225000,223500,229000,240000,249000,249000,235000,240000,239950,245000,250000,250000,250000,249450,235000,221500,239450,239000,220500,225000,227000,212000,228900,229700,236600,231000,230000,235250,242000,240000,249000,243995,239000,239900,242500,247000,248500,249000,249450,249000,240000,239850,255000,245000,249000,250000,254400,254950,259000,250000,249900,250000,259000,249450,249900,250000,249900
"10019","New York","NY","New York-Newark-Jersey City","New York",8,,,,,,,,,,,,,,,,,,,,,,,,,,,,,,,,,,,,,,,,,,,,,980000,950000,975000,970000,1036000,1025000,1025000,972500,970000,1045000,1057000,1095000,1157500,1117500,1117500,1125000,1095000,1076000,1105000,1147500,1145000,1125000,1162500,1112500,1105000,1100000,1147500,1135000,1130000,1140000,1105000,1145000,1179000,1166500,1154000,1190000,1195000,1215000,1195000,1195000,1189000,1195000,1197500,1195000,1290000,1296000,1363000,1368000,1375000,1362500,1305500,1331500,1463000,1369000,1250000,1325000,1299000,1285000,1275000,1286500,1250000
"33139","Miami Beach","FL","Miami-Fort Lauderdale-West Palm Beach","Miami-Dade",9,250000,250000,240000,236000,239000,235000,235000,235000,239000,239000,240000,235000,239000,246000,245000,240000,250000,259000,259900,269995,269997.5,274900,279000,279000,274500,270000,285000,282500,284900,274000,264900,265000,279900,265000,250000,269000,295000,290000,280000,279900,272000,270000,282500,285000,289000,290000,280000,299000,299999.5,309950,299000,287000,299000,298500,299000,299000,299000,299000,319000,334999.5,337050,325000,316450,320000,325000,315000,315000,320000,317250,315000,335000,341500,339000,325999,325000,336500,335000,339000,339000,335000,330000,339000,335000,339000,335000,329000,324950,320000,319900,325000,319900,315000,315000,309000,309000,3e+05,299000,299000,299000,299000,299000,299000,299000,295000,295000
"33411","Royal Palm Beach","FL","Miami-Fort Lauderdale-West Palm Beach","Palm Beach",10,,,,,,,,,,,,,,,,,,,,,,,,,,,,,,,,,,,,,,,,,,,,,,,,,,,,,,,,,,,,,,,,,,,,,,,,,,55500,55000,56900,56000,56944,55000,55000,58194,58888,58888,58250,62000,69500,68000,69900,67500,64000,68450,65950,65950,69900,69950,71450,78900,82500,79450,79900,74905,82500,75000,75000,77250
"11211","New York","NY","New York-Newark-Jersey City","Kings",11,,,,,,,,,,,,,,,,,,,,,,,,,,,,,,,,,,,,,,,,,,,,,,,,,,,,,,,,,,,,,,,949000,859000,832000,807000,799000,850000,865000,865800,865400,855000,867000,876250,860000,869500,860000,860000,860000,860000,829000,839000,822000,822000,799499.5,807500,849000,849500,825000,799999,799999,799499.5,849000,849000,870000,870000,879000,877000,870000,865000,799000,797500,795025,745000,779000
"33908","Fort Myers","FL","Cape Coral-Fort Myers","Lee",12,,,,,,,,,,,,,,,,,,,,,,,,,,,,,,,,,,,,,,,,,,,,,,,,,,,,,,,,,,,,,,,,,,,,,,,,,,,,,79900,78200,80900,84900,89250,89000,85000,80000,74000,73900,84500,86900,88700,88700,87400,79900,84900,84900,92000,92000,92000,89900,89900,88000,87000,79900,82900,69900,68950
"33009","Hallandale","FL","Miami-Fort Lauderdale-West Palm Beach","Broward",13,133950,129000,120642.5,119900,125000,125000,125000,125000,124900,119900,119900,117900.5,117000,120000,119000,110000,115000,115000,120000,124900,129000,129000,129900,130000,129000,130000,134450,134950,130000,133450,129900,129000,131950,131000,137900,139900,149900,149500,150000,149000,149450,149999,160000,159900,160000,160000,168000,167000,159900,150000,158500,157000,158000,159000,159900,170000,166000,168000,170000,170000,165000,165000,156000,155000,164900,164850,171500,169999,169900,170000,175000,174700,175000,169900,168900,170000,175000,179900,179900,175000,179400,179900,179250,179250,179000,175000,179000,179900,185000,185000,190000,185000,189000,186000,184900,183900,184950,184900,179999,184111,179999,179999,179000,179900,184900
"07302","Jersey City","NJ","New York-Newark-Jersey City","Hudson",14,,,,,,,,,,,,,,,,,,,,,,,,,,,,,,,,,,,,,,,,,,,,,,,,,,,,,,,,,,,,,,,,,,,,,,,,,,,,,,,,,,583000,634250,603950,618000,621840,642250,644500,619900,619450,625250,626000,628000,622000,622000,649444,715000,699000,645000,625000,639500,625000,625000,585000,586944
"92101","San Diego","CA","San Diego-Carlsbad","San Diego",15,,,,,,,,,,,,,,,,,,,,,,,,,,,,,,,,,,,,,,,,,389000,390000,380000,379900,379900,375000,369000,364500,366500,375000,366750,360000,377250,375500,375000,374750,371950,369500,362499.5,349999.5,364950,389000,394000,375900,372499.5,359000,382450,399000,415000,409000,399000,409000,409000,415000,429999,425000,429949.5,429900,436500,429950,425000,425000,437450,445000,445000,431250,429450,445000,454500,449500,458000,449900,445250,447250,445000,435000,439900,445000,439000,438000,448500,449700,446500,429990,439450
"10701","Yonkers","NY","New York-Newark-Jersey City","Westchester",16,127000,124500,127831,123000,109900,119000,119000,116750,119000,118000,108500,115000,115000,109000,119000,119000,115000,107900,119000,118450,116950,111000,105000,99999,1e+05,99750,99000,99250,96500,1e+05,98000,98950,95000,95000,95000,93750,95000,99000,98500,98000,98000,99000,102450,98500,102000,98250,99978.5,106000,104500,107910,102900,99500,99000,99000,99000,99500,99500,99000,94500,92200,99000,96500,104900,95000,1e+05,99750,99000,99750,99000,99000,92196.5,93699,89999,90000,90000,92199,95000,98999.5,98999,95000,89900,93000,95000,95000,97500,99000,99000,99000,98500,99000,99000,109000,115000,112500,109950,105000,107450,114000,120000,119000,126500,125000,127000,129000,129000
"11372","New York","NY","New York-Newark-Jersey City","Queens",17,,,,,,,,,,,,,,,,,,,,,,,,,,,,,,,,,,,,,,,,,,,,,,,,,,,,,,,,,,,,,,,,,,,,,,,,,,,,,,,,,,,,,340000,340000,333500,333500,325000,325000,320000,320000,309500,315000,310000,315000,322000,320750,359000,380000,387900,389000,387900,376500,378000
"20001","Washington","DC","Washington-Arlington-Alexandria","District of Columbia",18,366950,379000,374000,377200,371450,375000,375000,385000,395000,387338.5,389450,387338.5,375000,375000,375000,374990,375000,379500,385000,379495,382450,389723,385888,379999,385569,388900,379000,372450,399949.5,389900,359000,370000,379000,385750,374555,369999,387447.5,387447.5,384900,389700,399000,386500,399900,399450,399000,399900,374950,377500,404950,4e+05,404900,385000,399450,399900,425000,439375,449850,450000,450000,453950,449700,449000,449000,454900,469500,449900,444000,470000,475000,479000,459950,455000,479450,469000,469000,482450,499500,489000,454850,459700,454800,494000,474900,467425,459000,489900,474000,489000,472000,475000,479000,479450,489700,475000,479000,492000,465000,499700,499900,499000,487000,499000,485000,490000,499999
"33063","Margate","FL","Miami-Fort Lauderdale-West Palm Beach","Broward",18,,,,,,,,,,,,,,,,,,,,,,,,,,,,,,,,,,,,,,,,,,,37500,37500,35500,36000,36750,35000,35450,39900,43000,40000,42900,43000,42000,42000,42945,42990,42945,43950,42900,44900,44000,42450,39900,40950,42000,42000,41000,43825,44500,45000,43450,42900,44800,41450,44800,45000,45000,47900,49000,53200,56925,59949.5,56000,55000,54900,54900,55000,55300,54950,55000,54000,55000,55600,55000,57388.5,59900,57500,59900,59700,61000,58000,60950,61500
"33027","Miramar","FL","Miami-Fort Lauderdale-West Palm Beach","Broward",20,59900,64000,65000,64950,59999,59000,55450,55000,49000,46700,47250,41900,46150,47500,47500,45000,47000,50750,51700,49900,55000,56900,55000,51500,53500,49900,49500,49000,49700,53000,57500,57500,58000,54950,58850,55000,58450,64900,59900,65000,62000,59450,62000,59900,67875,61950,71250,69000,68900,69500,69200,69900,66500,68900,69900,78000,79000,75000,77900,79900,79900,79850,81000,82000,82000,79500,83950,84900,78900,76500,78900,79000,80850,82500,84900,82950,82900,82900,80000,82700,79999,85000,82500,85000,85000,86000,89900,89450,87000,87000,88250,88250,89850,89900,89450,88250,89000,93000,95000,93000,98000,98500,109999,105000,105000
"33313","Lauderhill","FL","Miami-Fort Lauderdale-West Palm Beach","Broward",21,,,,,,,,,,,,,,,,,,,,,,,,,,,,,,,,,,,,,,,,,,37000,35000,35000,34850,36450,39900,39900,39900,39949.5,39900,39900,35000,36000,40000,40000,43000,40500,41950,43700,43350,44900,44900,42900,44450,47000,48000,47000,45000,47000,47000,47000,48249.5,49000,49700,47500,49230,48000,48000,50250,49950,49900,49900,49800,49900,49900,52000,52000,49999.5,52000,50500,50000,54250,54900,55000,56000,54999,55000,55000,56000,57900,58900,57450,57000,57000
"33319","Lauderhill","FL","Miami-Fort Lauderdale-West Palm Beach","Broward",22,43250,42000,40000,39000,36500,35000,35000,36750,38000,37500,37250,34900,35000,37000,35000,33900,32950,33950,34900,34400,30000,31950,34500,32000,35000,39900,40000,40000,39900,38750,35900,40250,40500,39999,44900,44900,44900,43450,40000,42000,44900,41000,44250,45900,45200,45700,45500,45250,47000,49949.5,48450,52450,51245,49888,49995,49500,47700,47350,47550,49900,50000,52000,53750,58875,54900,54900,56900,60000,54900,54900,58500,58000,56000,54900,55000,57000,59900,60000,62450,59900,59900,59000,64400,62000,63900,62200,59945,63000,59000,59999,60000,59500,60000,60900,61000,60450,60000,60000,63500,60000,60900,62950,64950,65000,65000
"77057","Houston","TX","Houston-The Woodlands-Sugar Land","Harris",23,,,,,,,,,,,,,,,,,,,,,,,,,,,,,,,,,,,,,,,,,,,,,,,,,,,,,,,,,,,,,,,,,,,,,,,,,,129500,125000,129900,129900,121500,129950,128500,125000,125000,125000,130950,135000,132000,128900,128000,128000,125000,119950,110000,119500,120000,122500,130000,130000,125000,130000,130000,140000,135000,132500,135000,135000
"07087","Union City","NJ","New York-Newark-Jersey City","Hudson",24,,,,,,,,,,,,,,,,,,,,,,,,,,,,,,,,,,,,,,,,,,,,,,,,,,,,,,,,,,,,,,,,,,,,,,,,,,,,,,,,,,,,,,247450,245000,255000,260000,265000,260000,260000,260000,279000,279000,279900,275000,277000,277000,269900,289000,272000,297000,279950,289000
"33321","Tamarac","FL","Miami-Fort Lauderdale-West Palm Beach","Broward",25,,,,,,,,,,,,,,,,,,,,,,,,,,,,,,,,,,,,,,,,,,,,,,,,,,,,,,,,,,,,,,,,,,,,,,,,,,,,,,,,,,,,,65250,65000,62500,72000,72000,72900,74490,69900,69000,73900,69200,72950,70500,73350,79000,77450,74350,73900,79950,78450,75000
"90802","Long Beach","CA","Los Angeles-Long Beach-Anaheim","Los Angeles",26,,,,,,,,,,,,,,,,,,,,,,,,,,,,,,,,,,,,,,,,,,,,,,,,,,,,,,,,,,,,,,,,,,,,,,,,,,,,,,,,,312900,339000,344000,350000,345000,362500,335000,339000,342500,349000,345000,334900,350000,349000,347000,332000,342500,335000,334900,340000,340000,347000,355000,365000,359000
"08759","Manchester","NJ","New York-Newark-Jersey City","Ocean",27,,,,,,,,,,,,,,,,,,,,,,,,,,,,,,,,,,,,,,,,,,,,,,,,,,,,,,,,,,,,,,,,,,,,,,,,,,,30450,31000,33750,34888,34900,35200,37200,36400,36900,35013,35013,34950,34950,34900,34700,34000,34000,35000,35000,36200,39900,38950,38000,40450,37000,38450,38900,34900,35500,35000,35000
"07047","North Bergen","NJ","New York-Newark-Jersey City","Hudson",28,170000,170000,165000,165000,167450,178000,177000,189900,169500,169000,165000,169450,164900,165000,164900,148100,149000,146550,149900,149000,155000,156500,156500,161500,155000,145000,139450,135000,129900,132500,129000,129900,135000,129900,135000,145000,139000,139000,139000,130000,139000,139000,139000,154500,156000,157000,155750,147000,152450,148000,142500,145000,139000,150000,156700,150000,149000,149000,155000,159450,150000,149000,149000,159500,169450,169900,159949.5,159000,159000,159000,159500,159499.5,159000,167000,159499.5,160000,161000,163749.5,165000,159900,159949.5,159999,159999,159450,157000,159900,166950,169900,169950,170000,193017,179000,185000,179000,172450,187000,189000,185000,185000,180000,185000,178500,185000,194800,195000
"33141","Miami Beach","FL","Miami-Fort Lauderdale-West Palm Beach","Miami-Dade",29,,,,,,,,,,,,,,,,,,,,,,,,,,,,,,,,,,,,,,,,,,,,,,,,,,,,,,,,,,,,225000,199950,190950,186250,189000,185000,182000,187450,189000,207000,229000,248000,245000,255500,254450,245000,248000,258500,259000,269000,249450,268750,268500,257500,257000,244000,239000,237250,249999,259500,255950,261950,261950,268438.5,269000,269000,265000,258500,250000,254900,255000,249450,248000,248000,244900,245000
"33021","Hollywood","FL","Miami-Fort Lauderdale-West Palm Beach","Broward",30,54900,55000,54900,53400,50000,48000,48900,48000,47650,49000,49000,47250,47850,47650,45000,45000,44900,43900,47800,47500,49900,50000,49700,49000,49950,52000,47750,49900,49900,50000,49997.5,50000,58000,55900,55000,59000,57250,56750,56325,50000,50000,54900,63950,64350,64950,64000,66000,65000,65000,67500,67500,69900,69900,74900,79900,79900,79900,79900,87000,85000,90750,89250,85500,87950,80000,79900,72250,75950,79900,80000,89500,89900,88750,89500,89000,85450,86450,86450,89000,89250,89900,90000,90000,89250,89500,82200,83000,89900,89900,91000,93500,98000,98000,98000,95000,94900,90500,89950,94900,95000,95000,98450,98000,94500,94000
"96815","Honolulu","HI","Urban Honolulu","Honolulu",31,318000,318000,318500,320000,318500,299000,285000,275000,299900,315000,309000,317900,317900,316000,318000,310250,324000,321250,317000,322000,325000,323000,320000,328500,329000,319000,319500,325000,336000,340000,340000,350000,349450,339999,350000,347450,347450,365000,358000,350000,374000,325000,380000,388000,385000,349000,368000,359000,359000,348000,365000,375000,379000,365000,366000,369000,360000,380000,385000,382500,385000,387000,399000,405000,389000,389000,398000,389000,392000,392000,389000,397000,404000,369900,399000,397950,382500,390000,4e+05,4e+05,415000,415500,419000,410000,399000,410000,410000,395000,399000,405000,410000,388000,388000,410000,412000,432000,440000,449900,430000,425000,421000,408000,417000,413500,409000
"22201","Arlington","VA","Washington-Arlington-Alexandria","Arlington",32,,,,,,,,,,,,,,,,,,,,,,,,,,,,,,,,,,,,,,,,,,,,,,,,,,,,,,,,,,,,,,,,,,,,,,,,,,,,,,,,,,,,,,,399900,399950,399450,385000,389900,404500,412450,399900,399900,399000,399000,382000,384900,389900,395000,395000,395000,415000,387000
"33308","Fort Lauderdale","FL","Miami-Fort Lauderdale-West Palm Beach","Broward",33,159600,153750,149600,159974.5,159875,165000,169000,162000,159600,159700,159700,149600,150000,149000,159300,159000,150000,159000,155101,150000,149800,151000,159999.5,165000,160000,169000,175000,179000,149450,149000,149000,169700,155950,149000,149000,149900,159000,168250,184450,179450,189499.5,192400,199000,192000,199000,186900,179450,175000,179000,165000,175000,174500,174500,185000,182450,185000,185000,185000,179000,179000,179900,184900,160000,169500,195000,186000,179900,167450,179900,179900,178500,180900,184000,179900,179700,179000,179900,189900,189800,189800,197000,189900,195000,189900,186450,182000,180150,179999,179999.5,179999,179900,179600,177000,182450,185000,198000,195000,189700,189900,189900,199450,199995,2e+05,215000,211000
"33020","Hollywood","FL","Miami-Fort Lauderdale-West Palm Beach","Broward",34,,,,,,,,,,,,,,,,,,,,,,,,,,,,,,,,,,,,,,,,,,,,,,,,,,,,,,,,,,,,,,,,79000,79000,80000,79000,80874,91900,99000,99000,99000,98000,95000,89900,87700,84400,84450,87750,89900,89900,89999,90000,92700,98450,93500,93000,91500,95900,95900,98000,98000,99900,99450,99550,99200,99000,99000,99000,98500,99000,107500,102400,105000,99600
"33322","Sunrise","FL","Miami-Fort Lauderdale-West Palm Beach","Broward",35,26700,25000,21900,24900,24250,27900,25000,25000,25000,22000,20000,20000,20000,20000,20000,20000,20000,21900,20750,21900,22450,23500,22500,22900,22200,22650,20000,19999,19999,21700,20900,21000,21850,22500,24970,25000,25000,25000,25000,25000,25000,25000,24900,25000,26494.5,25999,26999.5,27500,30000,29700,29900,31900,31000,33999,33000,33000,33000,32538.5,31838.5,31900,34250,34500,35488.5,34250,34750,33900,32000,34900,33900,33900,34500,35000,35000,35000,36000,35500,35900,35000,35500,37900,39000,39250,38500,39000,42500,42500,40000,40000,44500,44500,44900,45000,45500,46000,49900,49360,49450,47450,49338.5,48125,48999,50950,49449.5,47000,48300
"33178","Doral","FL","Miami-Fort Lauderdale-West Palm Beach","Miami-Dade",36,,,,,,,,,,,,,,,,,,,,,,,,,,,,,,,,,,,,,,,,,,,,,,,,,,,,,,,,180000,185000,196500,2e+05,205000,2e+05,205000,210000,210000,205000,210000,210000,210000,210000,210000,2e+05,202500,2e+05,205000,212000,212000,215000,210500,210500,205000,205000,205000,205000,205000,205000,205000,205000,205000,205000,205000,205000,2e+05,2e+05,205000,2e+05,199900,199950,2e+05,2e+05,199450,2e+05,2e+05,2e+05,2e+05,202500
"33062","Pompano Beach","FL","Miami-Fort Lauderdale-West Palm Beach","Broward",37,170000,150000,160500,163500,169000,159000,159000,150000,152450,149900,147500,142500,140000,145000,144449.5,144449.5,146500,145000,139000,137500,145450,150000,145000,149900,149900,149900,149900,156250,154750,163000,163000,158900,152500,150000,150000,149900,155000,159000,159000,159900,158900,159500,159900,164500,169000,169000,175000,175000,174950,164950,168500,167500,165000,164900,167500,165000,169000,164900,164900,164000,170000,179000,175000,175000,169750,158950,164900,160500,164900,172000,179450,179949.5,187900,187000,186000,177750,189900,185000,183000,186500,190500,195000,189700,189450,204450,193450,196000,189950,2e+05,220000,219899.5,215000,199999.5,199999,202499.5,199999,216000,222000,210000,205000,199899,199699.5,195000,199900,189950
"29910","Bluffton","SC","Hilton Head Island-Bluffton-Beaufort","Beaufort",38,,,,,,,,,,,,,,,,,,,,,,,,,,,,,,,,,,,,,,,,,,,,,,,,,,,,,,,,,,,,,,,,,,,,,,,389000,389000,381200,381200,399900,399900,399900,421950,398000,424900,399000,429000,417000,424900,462400,461400,434900,429450,404450,394000,364950,374000,439900,415000,417250,415000,411000,399950,399250,399500,379900,394000,376950,389900,394000
"75219","Dallas","TX","Dallas-Fort Worth-Arlington","Dallas",39,,,,,,,,,,,,,,,,,,,,,,,,,,,,129450,149900,149900,150000,156500,154900,137250,149900,149900,145000,145000,145450,149990,144997.5,143900,129200,129900,142500,141200,150000,147400,144000,159950,169000,167750,164750,164500,159000,169900,169699.5,175000,172000,172000,178500,178500,179999,170000,181250,187500,187700,194900,198500,191000,185000,185000,186450,179900,187000,195499.5,184900,187400,205000,214950,189900,215900,205000,215000,217500,216250,219000,223500,220000,219000,227250,224995,196450,194700,195000,203800,199900,199900,207950,219900,212500,222000,222250,229000,224500
"19103","Philadelphia","PA","Philadelphia-Camden-Wilmington","Philadelphia",40,370000,415000,419000,372500,345000,339900,325000,349900,325000,314000,307000,319000,324500,319000,324000,327450,349000,329000,289900,294900,3e+05,344450,344450,330250,309900,344000,323200,319900,275000,319000,324900,333000,345000,339900,317400,327400,329900,304900,324000,324450,321500,324000,352000,342000,312000,329450,329900,329900,335000,335000,339000,335000,334000,345000,340000,339000,332450,329000,329000,354000,368700,368400,364900,349500,368100,375250,359450,350000,376500,379450,385000,386250,379000,379450,371250,367500,359950,359000,335000,389900,429900,385000,401750,399500,385000,385000,360000,360000,350000,359700,365000,370000,375000,371950,364450,364900,375000,367000,364000,355000,348000,349900,339500,340000,335000
"33442","Deerfield Beach","FL","Miami-Fort Lauderdale-West Palm Beach","Broward",41,,,,,,,,,,37900,38950,37500,37250,36900,35495,36900,37500,35595,35000,35000,35950,39450,34900,34900,35900,36000,37500,37500,37700,34950,37500,35000,34900,34000,34425,35900,36900,36900,37900,39400,38900,39400,38500,38900,39900,39900,38850,39900,39900,38900,39900,39900,39900,39900,38000,38000,39900,41850,41900,44500,44900,44900,42000,42000,42000,44900,43900,44200,45000,47000,47250,47000,49500,51900,49900,49900,49900,49900,49500,48000,48000,49000,49000,49900,49900,52900,49900,50000,52000,51900,51900,49900,49900,53850,49999,53000,52500,50000,52500,50500,51900,52950,52950,54900,55000
"33415","Greenacres","FL","Miami-Fort Lauderdale-West Palm Beach","Palm Beach",42,,,,,,,,,,,,,,,,,,,,,,,,,,,,,,,,,,,,,,,,,,,,,,,,,,,,,,,,,,,,,,,,,,,,,,,,,54000,49900,49900,49999,52000,52000,49945,50000,51900,52750,52000,55000,53000,54900,58900,57700,57200,58777,59000,56900,59000,59900,59950,65450,64900,64900,59950,59900,59900,59950,60000,56500,58500
"33180","Aventura","FL","Miami-Fort Lauderdale-West Palm Beach","Miami-Dade",43,151900,159000,150000,154450,150000,150000,150000,154900,159000,158950,159500,158888,164900,160000,168400,179000,186500,183000,189000,195000,187450,181900,179900,176000,189900,195000,198000,199900,195000,195000,204900,199000,194999.5,194999,195000,209000,212950,210000,209950,209000,224900,233500,229000,230000,230000,239000,239000,239000,239500,235000,229900,230000,230000,249000,242000,252500,239900,232250,249000,249900,258750,259950,260000,250000,250000,244900,237000,235000,232500,236250,259450,265000,257000,255000,254000,255000,250000,245000,239900,250000,249950,249900,249900,249000,249250,249500,255000,255000,253900,249500,249000,245900,245000,245000,239900,245000,245000,238949.5,238499.5,235000,229000,230000,230000,225000,229450
"30309","Atlanta","GA","Atlanta-Sandy Springs-Roswell","Fulton",44,148000,145000,148950,152900,159000,151950,150950,159000,152000,150000,149900,148000,149000,150000,149000,142000,149900,145400,139250,136200,139000,139900,139900,134900,134900,127900,129900,130000,129900,135000,135000,137000,139000,132450,134900,134900,134900,144950,149900,150000,152750,160000,158000,159900,165000,168200,167400,164900,164700,164950,165750,166500,167400,167500,171500,177500,179000,179000,181111,179000,181900,185900,183900,180000,180000,184900,189900,189000,185000,191500,194500,189900,199999,190000,204900,218000,219200,209500,2e+05,210000,219900,210000,209900,210000,214500,223000,223950,224900,219900,222000,224900,225000,229900,219950,225000,222400,225000,236900,239900,240000,255750,249000,245000,249900,237450
"11101","New York","NY","New York-Newark-Jersey City","Queens",45,,,,,,,,,,,,,,,,,,,,,,,,,,,,,,,,,,,,,,,,,,,,,,,,,,,,,,,,,,,,,,,,,,,,,,720000,725000,730000,745000,765000,757500,775000,775000,777500,780000,780000,790000,790000,795000,799000,799000,805000,799500,799500,807500,812500,807500,810000,815000,817000,825000,819500,825000,825000,825000,805000,825000,835000,857990,865625,875000
"71111","Bossier City","LA","Shreveport-Bossier City","Bossier",46,,,,,,,,,,,,,,,,,,,,,,,,,,,,,,,,,,,,,,,,,,,,,,,,,,,,,,,,,,,,,,,,,,,,,,,,,,,,,,90000,90749.5,84500,80000,80000,80000,79900,79900,75500,84500,84950,85500,86750,84000,81000,84900,84800,84850,81999.5,83000,79900,79999.5,79999,85500,86250,84950,84200,80000
"96822","Honolulu","HI","Urban Honolulu","Honolulu",47,,,,,,,,,,,,,,,,,,,,,,,,,,,,,,,,,,,,,,,,,,,,,,,,,,,,,289950,285000,289950,279900,277450,275000,267000,285000,295000,299000,305000,299000,295000,299900,292000,319000,301250,303500,320000,320000,320000,291450,308000,326750,328000,330000,310000,298000,297500,298000,296500,295000,310000,304500,298500,298000,294500,309000,319000,320000,345000,338000,335000,332500,318500,314500,319000,299500,325000,324500,335000,336500,335000
"10022","New York","NY","New York-Newark-Jersey City","New York",48,,,,,,,,,,,,,,,,,,,,,,,,,,,,,,,,,,,,,,,,,,,,,,,,,,,,,,,,,,,,,,,,,,,,,,,,,,,,,,,,,,,,,,,,,853000,860950,899000,865500,850000,912000,849000,849000,849000,927000,979375,1045000,1157000,1169000,1095000,1075000,1175000
"33179","Ives Estates","FL","Miami-Fort Lauderdale-West Palm Beach","Miami-Dade",49,65000,65000,60500,60000,60000,55000,54000,50000,50000,48000,49925,49950,49250,50000,45000,47444,49950,49000,46250,47900,49999.5,49450,45000,48700,49600,50000,49900,48750,49900,55000,57000,59999,60000,53450,53950,54950,59000,59000,59000,59900,60000,59900,59900,59900,59900,60000,62100,63250,60000,62000,60000,62000,64000,64900,65500,68150,68900,69900,71000,71000,69900,79000,73050,69900,73194,74950,78900,79900,79900,80500,81000,75000,79450,80000,82900,82500,86950,84900,85250,80500,80000,80000,84900,84950,85000,89000,87250,87250,88999.5,89000,89250,88943.5,87416.5,88943.5,90000,90000,92499.5,96000,98250,95000,95000,99000,99500,98000,99700
"53202","Milwaukee","WI","Milwaukee-Waukesha-West Allis","Milwaukee",50,,,,,,,,,,,,,,,,,,,,,,,,,,,,,,,,,,,,,,,,,,,,,,,,,,,,,,,,,,,,,,,,,,,,,,,,,,,,,,,,,,,,,,,179900,182450,180000,188900,189900,201450,189900,189900,179950,189900,188000,189450,187000,182450,179900,199900,199900,199900,194900
"33126","Miami","FL","Miami-Fort Lauderdale-West Palm Beach","Miami-Dade",51,,,,,,,,,,,,,,,,,,,,,,,,,,,,,,,,,,,,,,,,,,,,,,,,,,,,,,,,,,,,,,,,,,,,,,,,,,130000,140000,143200,142500,139450,139000,140950,144750,139000,137000,135000,130000,130950,130950,139000,149700,162200,149500,145000,145000,142500,149700,152250,162250,169500,175000,169950,172450,170000,169250,170000,173450
"33161","North Miami","FL","Miami-Fort Lauderdale-West Palm Beach","Miami-Dade",52,,,,,,,,,,,,,,,,,,,,,,,,,,,,,,,,,,,,,,,,,,,,,,,,,,,,,,,,,,,,,,,,,,,,,,,,,,,,,,,,,,,96513,94500,95000,93000,90000,89950,95500,1e+05,1e+05,88500,86750,84100,80000,80000,89900,89200,89950,97777,97888.5,99450,107500,105000,105000
"33435","Boynton Beach","FL","Miami-Fort Lauderdale-West Palm Beach","Palm Beach",53,,,,,,,,,,,,,,,,,,,,,,,,,,,,,,,,,,,,,,,,,,,,,,,,,,,,,,,,,,,,,,,79900,80000,88900,88900,79000,79000,84700,87500,87700,90000,99900,101075,98000,109900,99212,99000,101950,108900,109400,107700,106300,99999,96450,98000,99000,99000,98000,98500,102450,102500,98000,101166,109900,129000,125000,124900,119700,125000,119500,119250,116750,109000,109000
"33446","Delray Beach","FL","Miami-Fort Lauderdale-West Palm Beach","Palm Beach",54,,,,,,,,,,,,,,,,,,,,,,,,,,,,,,,,,,,,,,,,,,,,,,,,,,,,,,,,,,,,,,,,,,,,,52950,52449.5,54400,54900,54900,54400,52900,52000,55900,55000,57000,59900,59900,59950,61900,62000,61000,59995,59650,58450,58425,58750,57000,59900,62900,59900,59900,59900,59949.5,59900,61250,59250,59950,61450,59950,65000,66950
"94107","San Francisco","CA","San Francisco-Oakland-Hayward","San Francisco",55,,,,,,,,,,,,,,,,,,,,,,,,,,,,,,,,,,,,,,,,,,,,,,,,,,,,,,,,,,,,,,,,,,,844450,829000,849000,835000,872000,854000,798500,814444,850000,879000,841500,827500,825000,839250,820000,867000,8e+05,812000,924250,924250,949000,899000,899500,899000,899000,899500,899000,877000,799000,885000,899250,899000,888000,908750,9e+05,897000,888944,895000,937500
"30328","Sandy Springs","GA","Atlanta-Sandy Springs-Roswell","Fulton",56,,,,,,,,,,,,,,,,,,,,,,,,,,,,,,,,,,,,,,,,,,,,,,,,,,,,,,,,,,,,,,,,,,,,,,,,,,,,,,,,,,,,,,125000,135000,129999,125500,125000,124000,126000,129000,129900,135900,133000,134900,129900,132450,138600,129000,143600,134900,137500,129900
"33461","Palm Springs","FL","Miami-Fort Lauderdale-West Palm Beach","Palm Beach",57,34950,35000,36450,35000,36000,35000,34500,34000,32000,29900,31900,32450,31900,29900,31000,31700,29950,29900,30000,28500,29000,29900,28000,28500,29200,29000,29850,29900,31450,31000,31000,30000,32000,32000,33900,33900,32900,33675,34900,34000,34900,35000,34972,33500,34000,37450,39000,40000,38500,35000,34400,36000,36000,39450,42000,41499.5,42250,42000,41500,44447.5,42947.5,43447.5,39999,39250,39900,39999,44000,43700,43900,44900,44900,44400,45000,45000,45000,48000,49100,49900,52000,49900,49900,49900,49900,49900,49900,50500,49900,49900,49900,49900,49975,51449.5,51249.5,50750,52000,49900,49900,49900,52000,49900,49900,51000,49999,52000,55000
"33130","Miami","FL","Miami-Fort Lauderdale-West Palm Beach","Miami-Dade",58,185000,185000,185000,190950,192300,187000,169000,165900,189900,189900,198950,198000,192450,199000,195000,195000,199990,200900,204950,200900,215000,225900,229000,229000,225900,222950,220000,239000,239500,245000,250000,250000,277500,250000,260000,260000,259900,269000,275000,280000,286500,290000,299950,299500,3e+05,299900,299950,299450,299900,3e+05,3e+05,315000,309999,312500,318950,318900,319450,316000,325000,325000,325000,319000,299950,305000,305000,305000,315000,310000,305000,314900,320900,329000,326950,319900,315000,319900,313999.5,310000,305000,3e+05,3e+05,3e+05,299995,302500,310000,3e+05,299995,299000,305000,315000,330000,339000,344500,350000,355000,360000,349950,349900,350000,349450,350000,350000,360000,350000,365000
"11561","Long Beach","NY","New York-Newark-Jersey City","Nassau",59,329000,326250,328250,329000,325000,325000,327000,309000,314999,329000,319000,329000,349000,299000,314000,299000,299000,304499.5,325000,299000,284900,279999,275000,270000,275000,270000,275000,279000,299450,289000,282494.5,279499.5,279000,279999,285000,282000,279999.5,279000,285000,276500,275000,269000,267000,267500,254500,269000,275000,279500,279500,289000,279000,269999,279000,265000,272499.5,264500,259000,269999.5,279000,265000,276500,269000,269000,269000,269000,269000,269000,269500,287000,280000,289500,291500,296250,299000,299499.5,299000,289000,289000,289000,289000,299000,299000,299000,299000,299000,299450,299900,318000,329000,315000,315000,319000,319000,319000,324499.5,321950,319000,325000,344000,354450,369450,359000,349000,350000,349000
"33134","Coral Gables","FL","Miami-Fort Lauderdale-West Palm Beach","Miami-Dade",60,,,,,,,,,,,,,,,,,,215280,215090,238900,239000,248390,237400,231320,221450,235000,240000,229950,219500,223700,223700,227000,227000,189000,183555,189000,187110,176005,188055,194450,199900,229500,237900,225000,199900,230450,249000,249000,232950,232450,249900,260000,267000,249999.5,249950,250000,250000,249900,249000,254500,264950,249000,274450,253750,249300,265000,267450,267450,285000,287000,285000,287000,299000,304500,304500,295000,305000,285000,277450,275000,280000,289000,289450,261000,265000,262500,242750,235000,229500,235750,249950,265000,265000,265000,265000,265000,257500,260000,267000,267000,262500,275000,275000,275000,275000
"07726","Manalapan","NJ","New York-Newark-Jersey City","Monmouth",61,,,,,,,,,,,,,,,,,,,,,,,,,,,,,,,,,,,,,,,,,,,,,,,,,,,,,,,,,,,,,,,,,,,,,495000,429900,445000,469900,444000,425000,425000,439900,439900,424750,4e+05,405900,399000,399900,399600,329000,329900,349900,389900,415000,449000,445900,449999,459900,449000,432900,440000,419900,419900,432450,449950,440000,445000,449450,469000,475000,470000
"33928","Estero","FL","Cape Coral-Fort Myers","Lee",62,,,,,,,,,,,,,,,,,,,,,,,,,,,,,,,,,,,,,,,,,,,,,,,,,,,,,,,,,,,,,,,,,,,,,,,,,,,,,,,,,,,,,,,,,,,,,,114900,115000,109450,109900,107950,99900,90000,96500,99900,99900,106450,115000
"33445","Delray Beach","FL","Miami-Fort Lauderdale-West Palm Beach","Palm Beach",63,,,,,,,,,,,,,,,,,,,,,,,,,,,,,,,,,,,,,,,,,,,,,,,,,,,,,,,,,,,,,,,,,,,,,,86950,84950,79900,79945,79990,82950,88900,79900,79900,87450,88950,88950,84500,84500,82250,80000,79950,82400,84950,84950,85000,85000,89495,89900,89450,99900,98900,98000,92900,94400,92950,94900,90950,92950,99450,89950
"33417","Century Village","FL","Miami-Fort Lauderdale-West Palm Beach","Palm Beach",64,24995,25000,24900,24500,24500,24900,25000,24900,24900,24400,24900,24947.5,24700,24900,24250,20750,20000,19900,19900,19900,22450,19999.5,20000,19900,19900,19900,21900,21950,22000,22000,23000,22000,22000,22000,21500,22900,21000,22000,22500,22900,24900,24250,25000,25000,25500,26900,27200,26500,27950,28000,27500,28000,27500,26700,28800,27500,27900,29795,29900,31450,30000,30000,29950,29900,29900,30000,30000,31000,31900,31000,31900,32000,33000,34800,34950,35000,35000,35250,36000,36900,37000,37000,37000,38000,39900,39900,39900,39900,39900,42000,42000,42000,42000,42700,43700,44900,44995,45000,44900,45000,45000,46900,47000,49900,49999
"33484","Delray Beach","FL","Miami-Fort Lauderdale-West Palm Beach","Palm Beach",65,,,,,,,,,,,,,,,,,,,,,,,,,,,,,,,,,,,,,,,,,,,,,,,,,,,,,,,,,,,,,,,,53900,49900,53900,49950,52450,55450,55900,55900,58659.5,57419,59000,59499.5,59250,59000,59650,59000,59000,59950,61200,63750,65000,68200,67950,64700,65900,65900,65000,67750,65450,65900,65950,65900,67750,69000,69000,67500,69500,69900,69400,73950,73900,69999.5
"29577","Myrtle Beach","SC","Myrtle Beach-Conway-North Myrtle Beach","Horry",66,111250,112500,113700,107450,104875,99900,99950,99900,95000,94000,94000,93000,88950,87900,84900,79900,79900,79900,79995,81500,79995,79900,79900,78000,79900,79900,79900,79900,75950,78500,79900,80500,84000,87000,84900,86900,88750,89200,89900,89900,89900,89900,89900,89900,89500,89800,89950,91800,90900,89950,92000,91000,90950,94900,95000,94900,92500,90000,89999,91900,92250,92500,91800,92250,89900,91250,89900,89900,89900,92500,92900,92650,92500,92700,89900,89900,87900,86950,89000,89625,89500,89500,87900,88400,87900,88905.5,89900,89750,89900,89900,89900,89900,89900,89900,94950,95000,98900,97500,99900,99700,103000,105000,104900,105000,108900
"33401","West Palm Beach","FL","Miami-Fort Lauderdale-West Palm Beach","Palm Beach",67,,,,,,,,,,,,,,,,,,,,,,,,,,,,,,,,,,,,,,,,,,,,,,,,,,,,,,,,,,194900,194950,185000,179000,178500,175000,179000,175000,175000,172450,171000,174900,174900,180000,197450,210000,219900,199000,195000,189000,189000,189000,195000,195000,198000,189000,213450,204900,209000,205000,202449.5,199900,2e+05,199900,189900,189900,189900,189000,189900,189900,195500,195000,199000,197000,198990,190800,184994,186000
"33172","Fountainbleau","FL","Miami-Fort Lauderdale-West Palm Beach","Miami-Dade",68,,,,,,,,,,,,,,,,,,,,,,,,,,,,,,,,,,,,,,,,,,,,,,,,,,,,,,,,,,,,,,,,,,,,,,,,,,,,,,,,142500,142500,138900,145450,147900,145000,147900,149450,150000,149000,150000,149900,155000,160000,160000,159950,157000,159900,159900,164900,157495.5,149000,149000,154900,159000,159500
"30305","Atlanta","GA","Atlanta-Sandy Springs-Roswell","Fulton",69,,,,,,,,,,,,,,,,,,,,,,,,,,,,,,,,,,,,,,,,,,,,,,,,,,,,,,,,,,,,,,,,,,,,,,,,,,183500,185900,186700,169900,169900,150000,152500,159900,188500,180000,175000,169500,164500,164500,157500,165500,183500,197450,189900,189900,179900,199900,185000,184900,189900,169900,187500,189900,220000,225000,222500,230000
"96826","Honolulu","HI","Urban Honolulu","Honolulu",70,,,,,,,,,,,,,,,,,,,,,,,,,,,,,,,,,,,,,,,,,,,,,,,,,,,,,,,,,,,,,,,,,,,,,,,,,,,,,,,,,,,,,,349000,309500,299000,319998,344000,388000,388000,385000,385000,398000,376000,379000,377000,379000,375000,362500,369000,355000,346500,374400
"96753","Kihei","HI","Kahului-Wailuku-Lahaina","Maui",71,382450,379900,399000,379900,369000,361750,353500,339000,359000,343500,399000,359000,364500,360000,375000,360000,349500,339000,338250,328000,345000,365000,365000,365000,341500,349000,349000,349000,345000,349500,350000,364000,359000,350000,375000,370000,379000,364900,379000,379500,392000,380000,380000,399000,399000,390500,394500,399000,427000,410250,419800,419000,410000,410000,415500,422000,423000,425000,427000,429000,429000,429000,429000,429000,426500,412000,410000,399000,399000,415000,415000,415000,415000,415000,420000,425000,422000,425000,422000,399000,399000,424950,419000,410000,421950,409500,402000,421450,424950,449900,459000,441450,437500,472500,479500,530000,540000,509500,479000,495000,499000,519000,499000,525000,549000
"33131","Miami","FL","Miami-Fort Lauderdale-West Palm Beach","Miami-Dade",72,236500,230000,239000,240000,249999.5,245000,250000,249000,244950,235000,240000,249000,250000,259900,250000,269000,290000,289000,294732,282052,286726,290000,299000,299000,295000,295000,299000,3e+05,320000,319000,3e+05,299000,325000,319000,329000,339000,345000,349000,349000,342500,350000,360000,380000,380000,385000,379900,375000,379900,385000,375000,375000,375000,380000,379500,375000,380000,390000,384950,390000,389000,380000,380000,375000,375000,375000,370000,360000,373000,379000,380000,390900,390000,385000,389900,381450,379900,375000,370000,369900,369950,374900,375000,370000,365900,365000,360000,360000,360000,360000,360000,357000,356400,360000,361450,360000,360000,359000,350226,350452,350000,355000,350000,350000,357950,359000
"33133","Miami","FL","Miami-Fort Lauderdale-West Palm Beach","Miami-Dade",73,,,,,,,,,,,,,,,,,,,,,,,,,,,,,,,,,,,,,,,,,,,,,,,229000,229000,227000,229000,229950,254450,235000,229950,225000,225000,225000,229000,229000,220000,233750,227500,220000,227500,234900,249900,234950,249500,255000,255000,275000,262500,275000,275000,259000,259000,275000,280000,302500,283500,294500,289000,298500,299000,288000,275000,269000,281250,290000,296000,292500,286000,259000,262000,258000,262000,277450,279950,280000,279000,280000,279000,279000,294500,309000
"90069","West Hollywood","CA","Los Angeles-Long Beach-Anaheim","Los Angeles",74,,,,,,,,,,,,,,,,,,,,,,,,,,,,,,,,,,,,,,,,,,,,,,,,,484000,479000,499000,498000,499000,488000,499000,480000,510000,525500,527500,555000,552000,572000,552000,525000,555000,542500,550000,472500,524500,499000,499000,499000,555000,560000,579000,620000,580000,549000,557450,570000,599000,589000,617500,649000,698500,665000,620000,599000,674500,652000,649000,632000,639000,649000,648000,698000,708500,660000,649000,699000,774800,649000,697000,694000,729000
"11231","New York","NY","New York-Newark-Jersey City","New York",75,,,,,,,,,,,,,,,,,,,,,,,,,,,,,,,,,,,,,,,,,,,,,,,,,,,,,,,,,,,,,,,,,,,,,,,,,,,,,,,,1200875,1218750,1218750,1218750,1218750,1219237.5,1218750,1218750,1218750,1218750,1183000,1241862.5,1249000,1219725,1218750,1218750,1219725,1241862.5,1241862.5,1241862.5,1218750,1218750,1218750,1183000,1200875,1183000
"92262","Palm Springs","CA","Riverside-San Bernardino-Ontario","Riverside",76,,,,,,,,,,,,,,,,,,,,,,,,,,,,,,,,,,,,,,,,,,,,,,,,,,,,,,,,,,,,,,,,,,,,,,,,,,,,129000,127000,123900,129000,129000,127000,119450,119000,119000,119900,125000,125000,124900,127000,127000,119450,119000,119999,118950,120000,125000,136000,145000,143000,129000,127750,125000,125000,127525,129000
"20016","Washington","DC","Washington-Arlington-Alexandria","District of Columbia",77,,,,,,,,,,,,,,,,,,,,,,,,,,,,,,,,,,,,,,,329000,310000,310000,299000,279000,275000,280000,288700,289500,299000,297000,297000,294250,299000,299000,299000,299000,315000,315000,320000,302000,319000,302500,310000,299000,299000,299500,299500,299000,299000,299900,307000,330000,340000,319900,340000,319450,310000,309500,299000,295000,295000,297000,297500,299000,296000,280000,318000,317000,289450,315000,312399.5,318950,325000,325000,312500,299000,299000,295000,294900,294900,3e+05,325000,307500,315000,325000,322500
"77056","Houston","TX","Houston-The Woodlands-Sugar Land","Harris",78,,,,,,,,,,,,,,,,,,,,,,,,,,,,,,,,,,,,,,,,,,,,,,,,,,,,204500,209000,229900,209450,214900,232950,218000,231000,220000,225000,224400,242500,242450,247950,265000,267450,270000,254900,259900,249945,240000,235450,229500,229500,224450,226500,220000,229990,239450,225000,219000,209900,209990,209995,222200,224900,224500,222500,229000,230000,235000,229500,219990,220000,225000,219990,229500,229500,230000,219900,218000,214900,214000,212000
"33140","Miami Beach","FL","Miami-Fort Lauderdale-West Palm Beach","Miami-Dade",79,279986,285050,279000,282500,287000,284800,279000,273450,273450,270000,260000,259000,260000,255000,250000,249000,250000,255000,255000,255000,259000,259000,259500,262500,270000,259000,279000,280000,279000,280000,279000,275000,279450,294000,290000,311500,325000,329000,327000,329000,325000,336500,335000,329000,329000,329000,339000,338500,335000,350000,359000,359950,359450,359950,359000,366000,389000,387000,392250,390000,399000,389750,375000,375000,375000,375000,365000,365000,367475,376750,385000,380000,395000,417759.5,424750,439000,445000,435000,430000,427000,430000,432500,439000,430000,420000,414000,415000,425000,435000,430000,425000,419000,425000,409000,409175,416500,416500,429950,424900,410000,409000,4e+05,409350,4e+05,399950
"97209","Portland","OR","Portland-Vancouver-Hillsboro","Multnomah",80,,,,,,,,,,,,,,,,,,,,,,,,,,,,,,,,,,,,,,,,,,,,,,,,,,,,,,,,,,,,,,,,,,,,,,,,,,,,,,,,,,,,,,,459900,392450,399000,390000,389900,395000,392000,397000,403750,377000,385000,397450,4e+05,4e+05,4e+05,399950,397000,399500,441500
"85367","Yuma","AZ","Yuma","Yuma",81,,,,,,,,,,,,,,,,,,,,,,,,,,,,,,,,,,,,,,,,,,,,,,,,,,,,,,,,,,,,,,,,,,,,,,,,,,,,,,,,,,,,,,,,,,,,,,92000,90950,89250,89900,89500,85000,98900,89900,84500,87000,94450,89900
"33162","North Miami Beach","FL","Miami-Fort Lauderdale-West Palm Beach","Miami-Dade",82,,,,,,,,,,,,,,,,,,,,,,,,,,,,,,,,,,,,,,,,,,,,,,,,,,,,,,,,,,,,,74950,73500,73500,69900,69900,74999.5,74000,70750,74999,70999.5,75000,76500,72450,71000,73750,70450,69900,65000,67000,67180,75000,75000,80000,80000,80000,80000,80000,80000,78385,78385,76385,75850,72500,76700,78770,85000,90000,84900,84900,85000,82885,83000,83999.5,92000,95000
"33169","Miami Gardens","FL","Miami-Fort Lauderdale-West Palm Beach","Miami-Dade",83,,,,,,,,,,,,,,,,,,,,,,,,,,,,,,,,,,,,,,,,,,,,,,,,,,,,,,,,,,,,,,,,,,,,,,,,,,,,,,,,74900,70750,78000,79000,79000,80000,82250,79500,85000,85000,85000,85000,84000,84000,84000,85000,85000,84950,84450,85000,85000,85000,85000,85250,85000,85000
"92264","Palm Springs","CA","Riverside-San Bernardino-Ontario","Riverside",84,,,,,,,,,,,,,,,,,,,,,,,,,,,,,,,,,,,,,,,,,,,,,,,,,,,,,,,,,127450,129925,129500,122750,120450,114990,119000,115500,115000,116900,116000,116900,114500,119500,119500,118750,120000,119700,129000,137000,126000,123500,144900,145000,141249.5,137400,134500,133000,129200,133000,133000,135950,133000,135950,137000,127950,132900,133450,138249.5,133450,139500,149000,144500,149450,150000,154900,148888,146944,147000
"33143","Glenvar Heights","FL","Miami-Fort Lauderdale-West Palm Beach","Miami-Dade",85,,,,,,,,,,,,,,,,,,,,,,,,,,,,,,,,,,,,,,,,,,,,,,,,,,,,,,,,,,,,,,,,,,,,,,,,,,,,,,,,,,,145450,149900,150000,152000,155000,155500,154000,154000,155000,159950,160000,160000,165000,165000,169000,165000,165000,170000,180000,183400,188450,173750,175000
"71112","Bossier City","LA","Shreveport-Bossier City","Bossier",86,,,,,,,,,,,,,,,,,,,,,,,,,,,,,,,,,,104900,105000,105000,105900,105450,105900,108900,105000,103750,103000,100950,102000,98200,1e+05,104450,104450,104900,108500,108250,101950,103900,101200,99900,99000,99500,95500,95250,95000,99700,97950,95000,95900,96700,97500,94900,92400,92500,89300,91250,94500,94500,99249.5,106000,102449.5,107000,105000,103000,105000,108450,109900,109900,109900,109950,107500,104999.5,110450,112750,103575.5,110000,114900,111000,107450,107000,110000,104000,95000,96750,98500,99000,95400,97500,94450
"30308","Atlanta","GA","Atlanta-Sandy Springs-Roswell","Fulton",87,,,,,,,,,,,,,,,,,,,,,,,,,,,,,,,,,,,,,,,,,,,,,,,139900,139700,139000,152400,142500,141250,152400,155000,167900,157500,142450,140000,140000,164400,164386.5,164386.5,150000,169900,169900,171950,169950,179900,179700,170000,172500,175000,189900,184900,188111,175000,176500,179900,174222,180000,179900,179950,188450,190000,199900,215000,209450,210000,217450,210000,208250,2e+05,199500,2e+05,2e+05,220000,235000,235000,227900,225000,227500,229900,219900,228000,229900
"29455","Charleston","SC","Charleston-North Charleston","Charleston",88,,,,,,,,,,,,,,,,,,329000,322000,321500,289000,319000,325000,325000,324000,299900,299949.5,299000,299900,299900,299000,299000,295000,292000,289000,285000,287000,285000,264900,279000,279750,279500,279500,275000,269000,265000,265000,265000,259500,259000,249000,249000,248250,248250,243250,249000,239000,242000,249000,249000,249000,264000,275000,257250,249250,267500,277450,275000,275000,267500,260000,250000,281500,284000,249500,249000,269450,259000,254000,249000,249000,245000,254000,249000,249000,239500,269000,259000,249900,249900,254450,266500,269900,269000,269000,274450,283250,274450,268950,269900,268950,279000,279000,279000,279500
"96740","Kailua Kona","HI","Hilo","Hawaii",89,,,,,,,,,,,,,,,,,,,,,,,,,,,,,,,,,,,,,,,,,,,,230000,250000,224750,247499.5,239000,229000,245000,239000,239000,230000,224450,229000,262450,241000,229000,249000,276950,269500,272500,299000,275000,282000,290000,282000,265000,289000,280500,283000,275000,269450,269000,274900,277499.5,274000,274900,267000,250000,249999,249450,254500,261950,264950,249900,248450,259900,265000,249000,248000,249000,248500,243450,247950,250000,294500,340000,329000,3e+05,329000,310000,3e+05,299000,290000
"06614","Stratford","CT","Bridgeport-Stamford-Norwalk","Fairfield",90,,,,,,,,,,,,,,,,,,,,,,,,,,,,,,,,,,,,,,,,,,,,,,,,,,,,,,,,,,,,,,,,,,,,,,,,,,,,,212450,199900,199900,194900,199900,199900,199450,199900,199900,199900,199900,212900,209900,209900,214990,2e+05,195000,214500,219200,196700,199000,199000,220000,222450,207000,199450,219900,217320,212370
"22203","Arlington","VA","Washington-Arlington-Alexandria","Arlington",91,,,,,,,,,,,,,,,,,,,,,,,,,,,,,,,,,,,,,,,,,,,,,,,,,,,,,,,,,,,,,,,,,,,,,,,,,,,,,,,,,,,,,,,,,,,,,219000,212500,225000,212500,209990,214500,212450,213450,209450,209900,209900,214000,211995
"33069","Pompano Beach","FL","Miami-Fort Lauderdale-West Palm Beach","Broward",92,60000,60000,53000,51150,50575,47569,45190,48900,49400,45000,45777,44900,44900,47500,48900,50000,50000,55800,50000,50000,49450,50000,49752,58000,59900,57000,57000,59900,60999,64900,65000,69000,65000,64900,72000,69900,74200,75000,73250,73000,79300,79900,79800,76500,79900,79900,79900,79900,80000,79900,81000,85000,85000,86700,87750,85000,83000,87300,85000,85050,89500,90950,89900,90000,89900,90000,92000,92000,92000,89500,95500,98750,99000,99700,104995,104997.5,104777,104777,105000,105000,105000,105000,105000,105000,105000,99000,99000,108449.5,106499.5,108900,109950,107949.5,107900,109000,109000,109000,112250,112800,116500,115000,115000,116750,112277.5,114950,114727.5
"29582","North Myrtle Beach","SC","Myrtle Beach-Conway-North Myrtle Beach","Horry",93,153900,159900,154900,150000,145000,136450,134000,129900,127500,115450,115950,115950,116900,114500,119900,118400,115000,119900,116900,115000,119900,116000,118000,116900,109900,111900,117692,110000,114000,114500,115000,104900,105000,105000,99900,103000,107900,109900,102500,109900,114900,111000,111000,119450,114900,119000,114900,112950,110000,112000,114700,115900,118474,116900,114900,115900,119500,119500,117900,115900,117700,119900,119500,115000,116700,118900,118900,118400,117400,118400,119949.5,124900,119900,123700,124900,126500,129900,129900,129700,124500,119700,121200,116450,119000,124194,123500,119900,119900,120000,124900,127900,130000,134900,133900,129900,133700,132500,129450,126450,129900,129000,129400,129000,129900,137500
"10038","New York","NY","New York-Newark-Jersey City","New York",94,,,,,,,,,,,,,,,,,,,,,,,,,,,,,,,,,,,,,,,,,,,,,,,,,,,,,,,,,,,,,,,,,,,,,,,,,,,,,,,,,,,,,,,,1637500,1785000,1687500,1680000,1677500,1760000,1735000,1800000,1870000,1850000,1850000,1870000,1892500,1900000,1892500,1920000,1880000,1900000
"33156","Pinecrest","FL","Miami-Fort Lauderdale-West Palm Beach","Miami-Dade",95,,,,,,,,,,,,,,,,,,,,,,,,,,,,,,,,,,,,,,,,,,,,,,,,,,,,,,,,,,,,,,,,,,,,,,,,,,,,,,,,235000,235000,235000,235000,229000,229000,225000,227000,229000,239000,239500,239750,240000,240000,235000,225000,225000,225000,238500,239000,235900,231000,235000,245000,239000,232900
"80202","Denver","CO","Denver-Aurora-Lakewood","Denver",96,309500,309250,304900,299250,289000,288000,287000,289000,287000,287000,288000,299900,299000,293500,287000,296000,295000,296400,295000,295000,295000,299000,299950,287500,287500,285000,295000,298000,295000,305000,320000,319500,311950,329500,339950,349000,334950,332500,335000,349000,359500,329900,325000,334900,334450,345000,339747.5,339250,325000,382500,399500,405000,375995,398000,398500,397000,389000,369747.5,389000,399995,399000,399500,399000,417000,422450,4e+05,409900,410000,412500,440000,425000,425000,442000,455000,467000,467450,454900,468700,467500,445250,450000,452500,442500,430000,412450,446450,450000,449950,439900,425000,429900,424900,417450,439500,433750,439250,460000,474950,485000,484500,485000,475000,475000,450000,454000
"33434","Boca Raton","FL","Miami-Fort Lauderdale-West Palm Beach","Palm Beach",97,32000,32500,30000,30000,29900,29900,29900,29900,29900,29500,29500,28900,28000,27500,29500,25000,24900,24900,22000,22000,21700,22500,22950,22900,22000,21000,21500,21950,21950,20945,22750,24949,25999,28500,28250,27990,28900,28000,28500,29900,28900,29900,31950,32250,34700,38500,35000,37000,38500,38000,34999,34900,37900,37900,36200,36000,37900,39900,39949.5,44900,48500,45250,46450,43950,45000,49900,49500,47200,49890,48950,48890,49900,49900,49900,49400,49900,49900,49900,50000,50000,54900,53900,56000,56500,54700,55000,57000,55000,55900,55000,56000,55000,55500,55250,56999,54950,55900,55900,55900,55000,54999,55000,55000,56500,58000
"10704","Yonkers","NY","New York-Newark-Jersey City","Westchester",98,,135000,135000,130000,129000,129000,129000,139000,125000,125000,124700,124500,124900,125000,129900,127450,125000,124900,124950,124000,119000,115000,119888,120000,117500,115000,124900,115000,115000,115000,115000,118250,115000,114000,110000,110000,109500,108500,106500,109000,109000,102000,99000,109000,104000,108750,104000,106500,110000,110000,110000,109894,110000,109900,112450,114950,110000,102500,102500,104250,109450,107750,108500,109000,112500,114500,112000,120000,124444,124000,124894,119949.5,115000,117999.5,114999.5,115000,115000,118250,119000,119000,115000,114200,114250,111999,115950,116900,117000,125000,122000,119250,120000,119000,122499.5,119900,119000,119500,120000,120000,122000,122000,125000,125000,125000,125000,129500
"33137","Miami","FL","Miami-Fort Lauderdale-West Palm Beach","Miami-Dade",99,,,,,,,,,,,,,,,,,,,,,,,,,,,,,,230000,230000,239000,230000,222450,225550,239000,239000,244080,259900,250000,260000,259500,264000,260000,260000,265000,269900,275000,279700,290000,297000,310950,314900,314945,325000,322000,323900,325000,340500,349000,342450,329900,324999,304999,294900,294450,299000,298000,314500,315000,350000,349500,367450,375000,371000,379900,379900,379900,374000,360000,352500,331000,330000,322500,329000,329450,327450,330000,330000,334900,335000,330000,330000,330000,335000,330000,330000,329900,338250,330000,340000,350000,369450,360000,384000
"36561","Orange Beach","AL","Daphne-Fairhope-Foley","Baldwin",100,,,,,,,,,225000,223950,219900,208950,205000,200950,205000,217400,209000,199950,199000,197250,199000,189450,219000,235000,226250,229900,228200,219900,219900,219900,219900,219900,217000,219900,219900,199900,199250,219000,199000,199900,214000,214000,184900,188000,206500,213450,196750,196750,209900,212000,218500,217000,219000,224500,219900,219450,212000,209000,215000,217000,237400,207000,226750,237450,240000,245000,245900,246900,241950,244900,248000,245000,249000,264800,269000,274900,272400,269000,259000,269450,249900,249900,252400,249900,259950,264000,269000,297900,299450,310000,299900,299000,299900,310000,305000,299900,304900,301950,299900,304450,308000,312450,307000,309000,315388.5
"29926","Hilton Head Island","SC","Hilton Head Island-Bluffton-Beaufort","Beaufort",101,522250,542000,524500,524900,499450,519500,499000,495000,487000,459500,450000,449000,449000,462000,462000,469000,469000,459500,462000,449500,439900,449000,449000,449000,445750,440000,454250,454750,479450,446500,454500,444450,448500,449000,424000,444450,456600,449950,449450,479000,529000,498500,482000,464500,458750,462950,484450,515000,519950,525000,515000,532000,519000,519000,499900,495000,499000,509450,499900,499000,509000,499950,489700,475000,489500,479900,499000,496000,496000,493000,492450,489900,489000,499000,509000,529000,529000,557000,554500,540000,529000,517000,519000,499000,499000,522000,542000,549000,574900,572400,549000,568000,568950,564000,559450,575000,579000,577000,575000,565000,567000,559000,549900,545000,547000
"32118","Daytona Beach","FL","Deltona-Daytona Beach-Ormond Beach","Volusia",102,,,,,,,,,,,,,,,,,,,,,,,,,,,,,,,,,,,,,,,,,,,,,,,,,,,,,,,,,,,,,125000,117450,111950,110950,119900,119900,125000,124758,124900,124900,122258,124900,120000,125449.5,124900,124950,119450,119000,115000,107949.5,114750,117000,115000,117700,114900,115450,115100,115900,115100,115450,115000,124000,128750,130750,129500,119999,119949.5,135000,125000,137450,139000,137950,127000,139900,139950
"08226","Ocean City","NJ","Ocean City","Cape May",103,,,,,,,,,249900,244900,232450,264000,250000,246950,239950,234500,221950,219450,219000,214000,214000,220000,219950,218900,219900,219900,214900,214900,214450,219000,209900,214950,215000,219000,219450,219900,219000,219900,219250,219700,215000,215500,222200,223700,217000,217950,222400,219900,219900,214450,213900,213450,215000,218950,216900,220000,219900,219450,214900,214900,214900,210000,217450,215000,205000,205000,202000,215000,222400,224900,222400,227900,225900,222450,219900,216950,219900,222500,219900,219900,214950,209900,214500,207500,207500,205000,206250,204500,204500,212000,202200,204000,214700,224900,224900,214450,201950,214450,204000,199900,209900,215000,218999,215000,217000
"37203","Nashville","TN","Nashville-Davidson--Murfreesboro--Franklin","Davidson",104,,,,,,,,,,,,,,,,,,,,,,,,,,,,,,,,,,,,,,,,,,,,,,,,,,,,,,,,,,,,,,,,,,,,,,,,,,,,,,,,,,,,,,,,,,,319950,296950,312900,312400,339450,308400,306400,334900,299900,299900,305000,299700,287400,292400,294900
"33019","Hollywood","FL","Miami-Fort Lauderdale-West Palm Beach","Broward",105,167000,154900,160000,159000,159000,157900,160000,169000,164900,168750,169000,161500,160000,169000,168900,169900,174850,174900,174900,179900,179900,179000,179900,179450,179950,187000,195000,193450,190000,199000,211000,199687.5,219000,205000,215000,209000,219000,210000,209000,211750,219250,219700,219750,245000,254200,267000,259900,265000,265000,264500,265000,265000,265000,265000,274250,274450,277000,277000,277500,278000,275000,276500,279000,277000,280000,279950,294500,299000,299000,297954,302450,302450,299000,290000,299000,299000,299000,299000,291700,292500,297950,299000,3e+05,305000,3e+05,299949.5,299900,299000,299000,295000,299000,299000,298000,298000,299000,299000,298500,295000,285000,289000,289000,289900,298000,299000,299000
"29909","Okatie","SC","Hilton Head Island-Bluffton-Beaufort","Beaufort",106,,,,,,,,,,,,,,,,,,,,,299000,299450,329000,319450,304508.5,299900,309000,299000,299000,299000,297000,309900,330442.5,321942.5,319000,319000,307900,334999,372450,391500,391500,357000,399500,435000,439000,4e+05,394450,419000,389000,368000,389450,379000,377000,342000,348000,353450,346000,351000,377000,384450,392250,399450,397250,397250,424900,452450,447500,432450,435000,435000,445000,424950,395500,395500,398500,374000,379900,379900,379250,379700,374500,374000,350000,349500,359500,359500,349900,349450,359000,362900,350000,339000,324950,336950,359500,373750,365950,349700,354950,349400,349000,349900,359900,375400,379000
"28401","Wilmington","NC","Wilmington","New Hanover",107,,,,,,,,,,,,,,,,,,,,,,,,,,,,,,,,,,,,,,,,,,,,,,,,,,,,,,,,,,,,,,,,,,,,,,,,,,,,,,,,,,,,197500,197500,197500,212500,219250,226500,233000,231000,229000,228000,228000,233000,237000,237000,238000,233000,233000,233000,229450,238000,249000,249000
"29928","Hilton Head Island","SC","Hilton Head Island-Bluffton-Beaufort","Beaufort",108,,,,,,,,,,,,,,,,,,,,,,,,,,,,,,,,,,,,,,,,,,,,,,,,,,,,,,,,,,,,,,,,,,,,,,,,,,,,,,,,,,,,,,,,695000,704000,724000,719000,699000,699000,771500,784500,772000,797900,797000,799000,799000,744000,719900,750000,794900,794000
"10710","Yonkers","NY","New York-Newark-Jersey City","Westchester",109,,,,,,,,,,,,,,,,,,,,,,,,,,,,,,,,,,,,,,,,,,,,,,,,,,,,,,,,,,,,,,,,,,,,,,,,,,,,,,,,,,,,,,,,125000,128500,129249.5,129949.5,129999,129999,129949.5,130000,129999,129949.5,129949.5,129949.5,135000,133750,134750,135000,140000,135000
"90015","Los Angeles","CA","Los Angeles-Long Beach-Anaheim","Los Angeles",110,,,,,,,,,,,,,,,,,,,,,,,,,,,,,,,,,,,,,,,,,,,,,,,,,,,,,,,,,,,,,,,,,,,,,,,,,670000,618000,659000,627500,642500,649500,650000,644000,644000,659000,659500,649000,659000,652999.5,662000,662000,669000,669000,689000,699995,699499.5,675000,675000,662497.5,665000,672000,658950,699000,669000,681500,670000,687000,698000
"43215","Columbus","OH","Columbus","Franklin",111,,,,,,,,,,,,,,,,,,,,,,,,,,,,,,,,,,,,,,,,,,,,,,,,,,,,,,,,,,,,,,,,,,,,,,,,,,,,,,,,,,,,,,,214950,224900,229950,230000,232500,234000,239078,247000,247000,257500,229900,220000,227500,227500,215000,225000,199900,216200,230000
"30528","Cleveland","GA",,"White",112,,,,,,,,,,,,,,,,,,,,,,,,,,,,,,,,,,,,,,,,,,,,,,,,,,,,,,,,,,,,,,,,,,,,,,,,,,,,,,,,,,,,,,,,70000,62900,62500,63950,62900,63400,62900,61150,62525,61150,65750,65000,69000,59900,69000,69900,69250,74450
"49684","Traverse City","MI","Traverse City","Grand Traverse",113,,,,,,,,,,,,,,,,,,,,,,,,,,,,,,,,,,,,,,,,,,,,,,,,,,,,,,,,,,,,,,,,,,,,,,,,,,,,,,,,,,,,,,,,,,,209900,209900,209900,209900,209900,209900,209900,209900,209900,209900,209900,209900,209900,209900,209900
"33301","Fort Lauderdale","FL","Miami-Fort Lauderdale-West Palm Beach","Broward",114,182250,164900,138450,139500,145000,149500,149000,144950,135000,139500,151500,158800,158800,159000,164900,175000,179050.5,149489.5,166950,169000,169950.5,169900,169000,169450,169900,159900,162400,179000,179000,179000,177000,186900,182450,165000,175000,179500,199000,185000,187250,205000,210000,229400,205000,2e+05,210000,195000,209990,211250,225000,234900,244999.5,224900,241950,249450,239475,247400,259900,249900,259950,249450,235000,232450,233877,227000,228450,244950,234900,244000,249000,245000,245000,245000,245000,272400,265000,267450,272400,249900,245000,249000,254950,267000,268000,264000,255000,255000,245000,266450,269000,268000,267000,269000,276900,275000,276900,281950,249950,249950,249999.5,259000,266500,267000,267000,274949.5,249950
"45202","Cincinnati","OH","Cincinnati","Hamilton",115,,,,,,,,,,,,,,,,,,,,,,,,,,,,,,,,,,,,,,,,,,,,,,,,,,,,,,,,,,,,,,,,,,,,,,,,,,,,,,,,,245000,232500,245000,225450,225000,259900,262450,272450,265725,265000,266450,266450,266450,280000,277000,282500,280000,282000,285000,279000,267450,257000,266450,268450,259900
"29575","Surfside Beach","SC","Myrtle Beach-Conway-North Myrtle Beach","Horry",116,,,,,,,,,,,,,,,,,,,,,,,,,,,,,,,,,,,,,,,,,,,,,,,,,,,,,,,,,,,,,,,,,,,,,,,,,,,,,,,,,,,,,,,,,,,,,,64500,64900,69900,67900,65900,66000,65900,75500,78200,79900,78500,77200
"33480","Palm Beach","FL","Miami-Fort Lauderdale-West Palm Beach","Palm Beach",117,,,,,,,,,,,,,,,,,,,,,,,,,,,,,,,,,,,,,,,,,,,,,,,,,,,,,,,,,,,,,,,,,,,,,,,,,,,,,,,,,,,,,217000,199500,216000,218000,225000,249000,243500,239900,225000,225000,225000,225000,249500,249950,249000,239000,248000,247000,245950,249500,259500
"28202","Charlotte","NC","Charlotte-Concord-Gastonia","Mecklenburg",118,,,,,,,,,,,,,,,,,,,,,,,,,,,,,,,,,,,,,,,,,,,,,,,,,,,,,194700,207000,194450,189900,199000,209000,213250,229900,229700,229900,225000,235000,239450,239000,239000,235000,235000,248950,245000,235000,237450,241700,244900,219000,228000,230000,238700,262450,264900,260000,259900,265000,259900,252450,253700,255000,247900,239890,246250,249900,239900,239880,239440,239440,229900,229900,234950,235000,239900,239000,229000,228000,223675
"96761","Lahaina","HI","Kahului-Wailuku-Lahaina","Maui",119,,,,,,,,,,,,,,,,,,,,,,,,,,,,,,,,,,,,,,,,,,,,,,,,,,,,,,,,,,,,,,,,,,,552450,549500,570000,530500,550000,582000,6e+05,592500,598500,638000,645000,625000,595000,620000,596500,625000,595000,620000,625000,525000,549000,559000,625000,675000,647000,649000,667000,622000,624900,619950,619950,625000,649000,645900,620000,619000,595000,607000,599500
"38103","Memphis","TN","Memphis","Shelby",120,,,,,,,,,,,,,,,,,,,,,,,,,,,,,,,,,,,,,,,,,,,,,,,,,,,,,,,,,,,,,,,,,,,,,,,,,,,,,,,,,,,,,,,,169900,169900,174900,177000,179000,172500,174900,169900,166900,165950,165000,159400,165000,161950,161950,159999,159000,179000
"33154","Bal Harbour","FL","Miami-Fort Lauderdale-West Palm Beach","Miami-Dade",121,,,,,,,,,,,,,,,,,,,,,,,,,,,,,,,,,,,,,,,,,,,,,,,,,,,,,,,,,,,,,,,,,,,,,,,,,,,,,393000,375000,399000,399000,410000,416250,435000,410000,425000,410000,402500,399450,399999,399900,399900,399000,409950,409950,399000,399000,399000,399000,399000,399000,390000,395000,395000,399000,412500
"10552","Mount Vernon","NY","New York-Newark-Jersey City","Westchester",122,89700,89000,89000,89000,89000,89000,89000,89250,89000,89000,89000,89250,89250,82500,89500,89500,92200,89900,88000,85500,80000,89000,83510.5,81010.5,79900,80000,75500,75000,79000,79900,79900,70000,69900,70000,73500,70000,77250,75000,70000,75000,79000,79000,79000,84900,89950,85000,84000,85000,79000,77000,74000,74950,72000,69900,69000,65000,65000,65000,65000,64950,69000,69000,70000,70000,69000,69000,68000,68000,69000,69000,70000,70950,69900,65000,69900,75000,74950,75000,81750,79500,75000,77999,77999,75000,76499.5,84900,82000,84900,77999,84900,82000,82000,85250,80000,88950,85250,80000,85900,86000,85700,91450,99950,99700,94450,86000
"40215","Louisville","KY","Louisville/Jefferson County","Jefferson",123,,,,,,,,,,,,,,,,,,,,,,,,,,,,,,,,,,,,,,,,,,,,,,,,,,,,,59900,59900,50000,49950,57500,58250,56500,54900,53000,59900,53950,59450,55000,59947.5,62250,62250,59900,59900,59993,59900,59447.5,63200,60000,63200,64200,64900,63750,64900,65000,69950,67500,64950,64900,65000,65000,65000,64750,65000,64700,64700,65000,67999.5,68900,68000,65500,68900,69000,65700,68250,75000,78679,79000,71000
"34236","Sarasota","FL","North Port-Sarasota-Bradenton","Sarasota",124,,,,,,,,,,,,,,,,,,,,,,,,,,,,,,,,,,,,,,,,,,,,,,,,,,,,,,,,,,,,,,,,,,,,,309900,342000,349000,349000,340000,372500,382000,381000,357493.5,369500,374500,399000,385000,375000,386000,386000,383465,391930,389900,374950,374900,399900,399999,399999,401494.5,399999,399900,399990,399900,379900,365000,368000,368000,350000,367500,354500,349900
"33181","North Miami","FL","Miami-Fort Lauderdale-West Palm Beach","Miami-Dade",125,,,,,,,,,,,,,,,,,,,,,,,,,,,,,,,,,,,,,,,,,,,,,,,,,,,,,,124900,119000,119000,120000,120000,120000,120000,125000,125000,127400,126900,125000,122250,134800,137700,134150,133500,139000,137900,138450,139450,141450,145000,138000,138500,145000,145000,145000,145900,145900,150000,150000,145950,145000,140000,147000,149900,148000,145000,155000,153000,153000,155000,153000,152500,149000,149500,149000,144999.5,144999.5,149000,149500
"11021","Great Neck","NY","New York-Newark-Jersey City","Nassau",126,249000,239000,239000,239000,239000,238873,229888.5,229000,229000,235000,228000,228000,219000,244000,248250,248250,245000,230000,209000,2e+05,2e+05,208000,208000,199750,199000,197000,199000,195000,198000,194999.5,195000,194999.5,195000,199000,199850,199000,199000,199000,190000,189950,193999,195000,194499.5,198500,195000,191000,192500,199000,205499,199000,206999,210000,216000,204500,218000,209999,210000,210000,216000,209000,208500,199000,218000,215000,215000,208000,217999,218000,219000,219250,226250,229000,229000,219750,230000,231888,230000,238944,245000,238444,230000,228944,235000,234950,238888,234900,232888,229400,238555.5,250000,238944,255000,269000,258888,269000,251500,245000,268000,264750,288000,268000,268000,259999.5,268000,298000
"08260","North Wildwood","NJ","Ocean City","Cape May",127,,,,,,,177777,174000,159900,149900,139900,139900,149000,144900,149000,148000,148950,148000,140000,146000,145000,148000,149900,148900,147500,148000,148500,147500,148000,147500,148000,148000,148000,148000,147500,147500,149900,148600,149900,140000,144900,149900,149900,138500,139000,149000,151200,151200,152500,153250,149000,141950,149000,149000,145000,149900,149000,149900,148500,148000,149000,148985.5,153000,149450,151950,148971,145000,144950,145000,145900,153900,149900,149900,148000,154900,149900,150750,154900,154900,149900,145900,145000,145000,145000,146200,149900,150000,154900,155950,153900,150500,152888,145900,145900,147450,154900,154900,154554,154900,139950,147400,149900,164950,169450,169450
"33129","Miami","FL","Miami-Fort Lauderdale-West Palm Beach","Miami-Dade",128,2e+05,222500,228000,234000,221505,229000,213252.5,205000,219000,207505,199900,199645,205000,205000,223252.5,227500,232500,220000,225000,222500,226000,234950,259000,255000,239000,227500,225000,249500,237394,222000,250000,252500,257450,259000,269000,275000,250000,275000,290000,295000,299000,299000,320000,295000,289900,289900,295000,320000,312450,309000,329950,329450,329000,319000,319900,319000,319950,330000,337000,337000,337500,330000,329250,319000,319000,318900,313000,305000,318600,319000,327000,330000,330000,330000,325000,318000,316500,308340,309840,310000,329000,335000,338000,339950,335000,336500,343000,341450,339000,339000,338000,339900,334950,334900,325000,331000,333000,332500,340000,336000,349000,334000,333000,330000,321106
"40204","Louisville","KY","Louisville/Jefferson County","Jefferson",129,,,,,,,,,,,,,,,,,,,,,,,,,,,,,,,,,,,,,,,,,,,,,,,,,,,,,,,,,,,,,,,,134900,124900,129450,133700,134450,139000,137000,135900,140200,142500,159900,162400,169900,157200,162450,165000,165000,169000,162000,140000,159900,156950,158950,169900,179900,179999,169900,179999.5,168900,173500,169900,175000,175000,174950,159900,186450,211500,197250,2e+05,198750,179700,179950
"33132","Miami","FL","Miami-Fort Lauderdale-West Palm Beach","Miami-Dade",130,265000,269000,259000,253500,250000,236950,249900,239000,244900,244900,240000,239000,236000,259000,247000,229000,249000,250000,250000,259000,265000,268900,279000,285000,286500,285000,294359,287500,298000,285990,269900,260000,299000,295450,295450,319450,320000,312900,306000,299000,309500,325000,324900,327000,320000,320000,316900,319900,330000,339308.5,330000,325000,325000,322000,328750,325000,325000,320000,339000,338900,334000,336400,349650,350000,340000,334000,329000,325000,325000,333000,340000,350000,355000,349000,350000,349000,349000,345000,340000,345000,336400,329000,328000,330000,330000,335000,333050,329000,319000,328000,329500,330000,319000,309500,310000,319000,315250,319000,312500,315000,320000,320000,321450,328944,327194
"28801","Asheville","NC","Asheville","Buncombe",131,,,,,,,,,,,,,,,,,,,,,,,,,,,,,,,,,,,,,,,,,,,,,,,,,,,,,,,,,,,,,,,,,,,,,,,,,,,,,,,,,,,,,,,,,,,,,352925,352925,349450,352875,348000,348000,345000,345000,347500,346000,339700,339500,342975
"85901","Show Low","AZ","Show Low","Navajo",132,,,,,,,,,,,,,,,,,,,,,,,,,,,,,,,101000,95000,91900,89500,93000,89750,90950,89250,89000,89000,93000,90000,95000,95000,89450,89950,89000,89900,89450,89000,89000,89000,89000,89000,85000,82500,79000,79000,79450,79000,79000,79000,79900,79450,79900,80450,80000,80000,79900,73450,76450,80000,80000,80000,81500,75000,84000,85000,79900,80000,79000,85000,86950,86950,85900,88000,88000,94499.5,98500,94000,98000,96500,95000,90000,96000,104450,102950,101000,89900,89900,89900,84000,81000,91000,80000
"33316","Fort Lauderdale","FL","Miami-Fort Lauderdale-West Palm Beach","Broward",133,,,,,,,,,,,,,,,,,,,,,,,,,,,,,,,,,,,,,,,,,,,,,,,,,,,,,,,,,,,,,,,,,,,,,199900,199000,195000,195000,174900,197000,199000,192500,199900,189000,184000,179995,185000,189000,193000,2e+05,196500,2e+05,210000,210000,207450,215000,215000,192450,185000,195000,224900,224900,229950,224900,229000,230000,232900,239900,239900,234900,224900
"40212","Louisville","KY","Louisville/Jefferson County","Jefferson",134,,,,,,,,,,,,,,,,,,,,,,,,,,,,,,,,,,,,,,,,,,,,,,,,,,,,,,,,,,,,,,,,,,,,,,,,,,,,,,,,,,,,,,,,,39875,37000,35000,34200,33000,31950,35000,34000,29999,29900,29900,31499.5,33500,34950,33000,33950,31189.5
"33149","Key Biscayne","FL","Miami-Fort Lauderdale-West Palm Beach","Miami-Dade",135,,,,,,,,,,,,,,,,,,,,,,,,,,,,,,,,,,,,,,,,,,,,,,,,,,,,,,,,,,,,,,,,,,,,,,,,,,,,,,,,,,,,,,,,,,,,,,534500,534500,497000,487500,470000,462500,457500,465000,472250,449500,440000,438750
"29572","Myrtle Beach","SC","Myrtle Beach-Conway-North Myrtle Beach","Horry",136,99395,1e+05,99900,99999,99900,99900,99900,107450,102499.5,99999,99949.5,94900,91200,92500,89900,82900,79900,83800,85000,84900,84900,89900,89900,89000,79900,81250,82500,79900,80000,79000,80000,80000,79900,79950,79000,79900,78800,79900,80900,78950,84700,84000,84700,82500,79900,79900,85900,79900,80000,84900,84900,84900,85000,89900,84900,87500,85840,84900,82900,84900,84950,85000,86000,87750,84500,82500,79947.5,84900,84900,84900,84900,86750,88000,84899,84900,85000,89900,89900,89900,89000,89000,89000,88950,89000,89000,88900,88900,89000,88700,89600,88500,89800,89900,89950,91900,89900,89900,89900,91000,91500,92499,92900,91900,92900,92900
"77030","Houston","TX","Houston-The Woodlands-Sugar Land","Harris",137,,,,,,,,,,,,,,,,,,,,,,,,,,,,,,,,,,,,,,,,,,,,,,,,,,,,,,,,,,,,,,,,,,,,,,,,,,,,,,,,,,,,,,151950,151000,155000,154000,151500,155000,175000,182000,159000,155000,152225,149900,150000,149900,149900,149900,149450,159900,148888,147944
"40217","Louisville","KY","Louisville/Jefferson County","Jefferson",138,,,,,,,,,,,,,,,,,,,,,,,,,,,,,,,,,,,,,,,,,,,,,,,,,,,,,,,,,,,,,,,,,,,,,,,,,,,,,,,167450,175000,175000,154950,155000,147200,137500,138950,151950,175000,173800,161000,154900,156950,149975,146950,147000,150000,159900,159947.5,169449.5,169899,169900,171500,177500,174200,173700
"77002","Houston","TX","Houston-The Woodlands-Sugar Land","Harris",139,,,,,,,,,,,,,,,,,,,,,,,,,,,,,,,,,,,,,,,,,,,,,,,,,,,,,,,,,,,,,,,,,,,,,,,,,,263750,262500,259000,255000,259000,249950,249000,250000,246000,257000,257000,252000,249000,249000,247000,242200,239900,226000,225000,225000,229450,227000,239000,278450,278450,259900,250000,249000,249500,239000,225000,239000
"40210","Louisville","KY","Louisville/Jefferson County","Jefferson",140,,,,,,,,,,,,,,,,,,,,,,,,,,,,,,,,,,,,,,,,,,,,,,,,,,,,,,,,,,,,,,,,,,,,,,,,,,,,,,,,,,,,,,,,,,,,25000,24950,26950,25000,22500,22700,19900,22900,24900,26592.5,27500,24449.5,23999,23000
"29920","Saint Helena Island","SC","Hilton Head Island-Bluffton-Beaufort","Beaufort",141,,,,,,,,,,,,,,,,,,,,,,,,,,,,,,,,,,,,,,,,,,,,,,,,,,,,,,,,,,,,,,,,,,,,,,,419000,399000,419000,414500,429000,429000,427000,425000,427000,429000,444900,429500,425000,4e+05,4e+05,437000,417000,424900,449000,444450,419000,409900,399900,389000,389900,389900,389900,417000,419000,415000,415000,4e+05,4e+05,4e+05,399999
"29907","Beaufort","SC","Hilton Head Island-Bluffton-Beaufort","Beaufort",142,,,,,,,,,,,,,,,,,,,,,,,,,,,,,,,,,,,,,,,,,,,,,,,,,,,,,,,,,,,,,,,,,,,,,,,,,,,,,,,,,,,,,,,379000,317000,357000,355000,384000,385000,395000,397000,389700,389700,350000,377450,359800,364450,382000,395000,395000,370000,347400
"30326","Atlanta","GA","Atlanta-Sandy Springs-Roswell","Fulton",143,,,,,,,,,,,,,,,,,,,,,,,,,,,,,,,,,,,189900,175950,175000,175000,189900,191950,194000,189000,185000,180000,182450,189000,191000,189450,189900,190000,199000,199500,204500,214900,215700,215750,214000,210000,210000,204950,205000,224500,224750,219950,214900,214950,204900,222500,215000,217000,219000,219000,217500,224000,229000,229000,237000,236000,240000,235000,235500,249000,249000,245000,249000,249950,254699.5,256900,255900,250000,250000,252450,249999,249449.5,247750,245500,252400,254900,249000,249950,250000,274950,275000,267000,265000
"89109","Las Vegas","NV","Las Vegas-Henderson-Paradise","Clark",144,237394,266000,239944,204500,199900,199888,195000,177000,194900,195000,186694,189894,189000,195000,195000,195000,210888,205000,199888,230888,229450,224900,215888,210888,213388,195000,184900,187000,220000,219450,218000,199450,214900,222000,221000,225000,229944,239000,248000,252444,289888,287000,289888,287000,289444,273160,270000,295000,289000,285444,281000,277450,265000,259000,275000,275000,289000,279888,277444,269000,269000,282394,260000,269694,259900,269700,269000,269894,271499.5,269900,269000,269000,269894,269888,269888,269000,269900,266200,259900,259900,262500,259444,260000,259500,260000,269900,267500,260000,259888,269888,279000,278500,276000,279944,280000,290000,285000,279000,271500,294000,299944,312444,302944,297444,308000
"02657","Provincetown","MA","Barnstable Town","Barnstable",145,339000,339000,327000,307900,297500,282950,287000,295000,296000,314450,299000,295000,295000,295000,295000,297000,299000,299000,325000,324950,327000,310000,305000,319000,319000,302000,299000,289000,299000,309000,325000,325000,325000,325000,325000,325000,309250,325000,325000,325000,312000,325000,329000,325000,344700,369000,339000,349000,329500,299000,325000,325000,339000,349000,354450,355750,352400,349900,354450,349000,349950,365000,389900,399000,424000,419900,399000,409000,429900,434450,423450,404000,399000,389500,393250,397000,414000,429450,429450,372000,394450,449000,449000,449500,464950,472000,476950,499000,509000,486950,522000,539000,564500,499000,509450,547450,477000,495000,514900,539450,529000,549000,519000,539000,522000
"30363","Atlanta","GA","Atlanta-Sandy Springs-Roswell","Fulton",146,,,,,,,,,,,,,,,,,,,,,,,,,,,,,,,,,,,,,,,,,,,,,,,,,,,,,,,,,,,,,,,,,,,,,,,,,,,,,,,,,,,,,,,195000,194750,195000,195000,192450,189900,186750,185000,188000,188000,189500,185000,196400,191400,2e+05,205500,209900,215000,215450
"54209","Egg Harbor","WI",,"Door",147,,,,,,,,,,,,,,,,,,,,,,,,,,,,,,,,,,,,,,,,,,,,,,,,,,,,,,,,,,,,,,,,,,,,,,,,,,61900,63000,63950,63000,61450,59900,59900,59900,59500,59500,59700,59500,59500,52500,52500,59400,56950,55000,55000,55000,55000,60900,60900,60900,56950,55000,55000,56950,56950,55000,52000,52000
"89158","Las Vegas","NV","Las Vegas-Henderson-Paradise","Clark",148,,,,,,,,,,,,,,,,,,,,,,,,,,,,,,,,,,,,,,,,,,,,,,,,,,,,,,,,,,,,,,,,,,,,,,,,,,,,,,,,,,,,,,,,,,,,,,571950,557450,599888,635000,610000,622500,589888,630000,597250,615000,585000,562000
"26209","Snowshoe","WV",,"Pocahontas",149,,,,,,,,,,,,,,,,,,,,,,,,,,,,,,,,,,,,,,,,,,,,,,,,109000,105000,104925,95250,99900,96000,102400,105950,108950,108450,98000,98000,98250,98500,108000,108000,104000,101250,104000,89000,83950,75000,75000,76950,76950,76950,75000,84500,77450,77250,74950,76125,74950,71000,71000,69450,77400,69900,69450,69000,68500,69000,69000,69450,69450,69000,68750,68250,68500,65000,68000,66250,68000,69450,67750,62450,66200,71700
